247	Toyota 2000GT
249	Ferrari 250 GTO
251	Mercedes-Benz 300SL Coupe
253	Ferrari F355 Berlinetta
255	Ferrari 512 Testarossa
257	Ferrari 575M Maranello
260	Porsche 911 Carrera RS
261	Porsche 911 GT2 '95
262	Porsche 911 GT3 '04
263	Porsche 911 GT3 '07
265	Porsche 911 Turbo 3.3
266	Porsche 914/6
268	Porsche 944 Turbo
269	Porsche 959
278	Vauxhall Astra VXR '06
286	Mercedes-Benz C32 Coupe
287	Chevrolet Camaro 35th SS
289	Chevrolet Camaro SS Coupe '69
291	Vauxhall Lotus Carlton
292	Porsche Carrera GT
295	Toyota Celica Sport Specialty II
297	Ferrari 360 Challenge Stradale
299	Chevrolet Chevelle SS 454
302	Honda Civic Type R '04
306	Shelby Cobra 427 S/C
309	Volkswagen Corrado VR6
312	Chevrolet Corvette Stingray 427
314	Chevrolet Corvette Z06 '02
315	Chevrolet Corvette ZR-1 '70
316	Lamborghini Countach LP5000 QV
320	Honda CR-X SiR
323	Lancia Delta HF Integrale EVO
324	Lamborghini Diablo GTR
325	Lamborghini Diablo SV
326	Ferrari Dino 256 GT
327	Mitsubishi Eclipse GSX
330	Lotus Elan Sprint
333	Ferrari Enzo
335	Lotus Esprit V8
336	Jaguar E-Type
338	McLaren F1 GT
340	Ferrari F40
342	Ferrari F50
343	Nissan Fairlady Z 432
344	Nissan Fairlady Z
345	Nissan Fairlady Z Version S TT
348	Ford GT '05
349	Mitsubishi FTO GP Version R
350	Infiniti G35 Coupe
353	Volkswagen Golf Gti 16v Mk2
354	Volkswagen Golf R32
357	Mitsubishi GTO
358	Ferrari 288 GTO
363	Subaru Impreza 22B-STi Version
364	Subaru Impreza WRX STI '04
365	Subaru Impreza WRX STI '05
368	Acura Integra Type R
374	Mitsubishi Lancer Evolution IX MR
375	Mitsubishi Lancer Evolution VI GSR
378	Mitsubishi Lancer Evolution VIII MR
382	BMW M3 '97
383	BMW M3 '05
391	Maserati MC12
397	Vauxhall Monaro VXR
398	Toyota MR2 GT
405	Ford SVT Cobra R '00
411	Honda NSX-R '05
412	Honda NSX-R '92
417	Buick Regal GNX
419	Audi RS 4
420	Audi RS 6
422	Acura RSX Type-S
423	Mazda Savanna RX-7
424	Mazda RX-7
425	Mazda RX-7 Spirit R Type-A
428	Audi S4
432	Saleen S7
433	TVR Sagaris
439	Nissan Silvia CLUB K's
440	Nissan Silvia K's
441	Nissan Silvia Spec-R
444	Nissan Skyline GT-R V-Spec '93
445	Nissan Skyline GT-R V-Spec II
453	Renault Sport Clio V6
455	Toyota Sprinter Trueno GT Apex
457	Dodge Stealth R/T Turbo
460	Toyota Supra 2.0 GT
461	Toyota Supra RZ
462	Eagle Talon TSi Turbo
479	Aston Martin V12 Vanquish
483	Dodge Viper GTS ACR
489	Jaguar XJ220
498	#7 Bentley Speed-8
505	#15 BMW V12 LMR
513	Dodge Charger R/T
524	#12 Ferrari Risi Competizione F333 SP
540	#17 Porsche AG 962C
550	#3 Peugeot 905 Evo 1C
555	#3 Toyota GT-ONE TS020
565	BMW M3-GTR
567	Nissan R390 (GT1)
568	Mercedes-Benz CLK GTR
633	Audi Sport Quattro
634	Renault 5 Turbo
637	Lamborghini Muira P400
639	Dodge Challenger R/T
641	Porsche 911 GT1 Strassenversion
642	BMW M3 '91
1005	Pontiac Firebird T/A SD-455
1009	Mitsubishi Lancer Evolution X GSR
1011	BMW M3 '08
1020	Ferrari F50 GT
1022	Ferrari 430 Scuderia
1023	Ferrari F40 Competizione
1032	Alfa Romeo 8C Competizione
1033	Chevrolet Camaro IROC-Z
1034	Toyota Celica GT-Four ST205
1040	BMW M1
1041	Ford SVT Cobra R '93
1042	Nissan Skyline 2000GT-R
1043	Nissan Skyline GT-R V-Spec '97
1045	Pontiac Firebird T/A GTA
1046	Dodge Viper SRT10 ACR
1060	Subaru Impreza WRX STI '08
1063	Dodge Charger Daytona HEMI
1065	Pontiac Firebird T/A Ram Air
1069	Chevrolet Corvette ZR1 '09
1081	Aston Martin DBS '08
1086	Ford Focus RS '09
1090	Mercedes-Benz SL 65 AMG Black
1104	Datsun 510
1105	Aston Martin DB5
1110	Mazda MX-5 Miata '94
1125	Lamborghini Reventon
1130	McLaren 12C Coupe
1131	Ferrari 458 Italia
1150	Alfa Romeo Giulia Sprint GTA Stradale
1154	Ferrari 250 Testa Rossa
1155	Shelby Cobra Daytona Coupe
1171	Ferrari 599XX
1173	Lamborghini Murcielago LP 670-4 SV
1202	Mercedes-Benz SLS AMG
1215	Null Car
1216	Audi RS 3 Sportback
1219	Bugatti EB110 SS
1260	Lexus LFA
1267	AMC Javelin AMX
1268	BMW Z3 M Coupe
1269	BMW 2002 Turbo
1272	Ford Escort RS Cosworth
1273	Honda Civic Type R '97
1277	Plymouth Cuda 426 HEMI
1278	Ford XB Falcon GT
1280	Mercury Cougar Eliminator
1281	Porsche 550 Spyder
1282	Nissan 240SX SE
1292	Dodge Shelby Omni GLHS
1293	Ford Siearra Cosworth RS500
1296	Mercedes-Benz 190E Evolution II
1301	Jaguar D-Type
1302	Ford Escort RS1800
1306	Dodge SRT-4 ACR
1309	Pontiac GTO Judge
1314	McLaren F1
1317	#55 Chevrolet Oreca FLM09
1322	Lamborghini Gallardo LP 570-4
1323	Subaru WRX STI '11
1325	Alfa Romeo Giulietta Quadrifoglio Verde
1328	Bugatti Veyron Super Sport
1329	Buick GSX
1330	Chevrolet Camaro Z28
1331	Plymouth GTX 426 HEMI
1335	#55 Mazda 787B
1336	Oldsmobile Hurst/Olds 442
1337	Pontiac Firebird T/A
1348	Peugeot 308 GTI
1352	Dodge Coronet Super Bee
1355	Ford Mustang GT Coupe
1368	BMW M5 '88
1369	Pagani Zonda Cinque Roadster
1370	Audi Avant RS2
1380	Volkswagen Scirocco S
1381	Mitsubishi Galant VR-4
1382	Subaru Legacy RS
1383	Volkswagen GTI VR6 Mk3
1385	BMW 1 Series M Coup√©
1386	Aston Martin DBR1
1387	Volvo 850 R
1388	BMW M5 '12
1392	Lamborghini Sesto Elemento 
1395	Toyota MR2 SC
1426	Mazda RX-8
1429	Chevrolet Nova SS 396
1440	#62 Ferrari Risi Competizione 458 Italia GTC
1457	#4 McLaren M8B
1462	Maserati 300 S
1480	Mazda RX-7 GSL-SE
1481	Austin-Healey 3000 MKIII
1486	Ford Lotus Cortina
1487	MG MGA Tiwn-Cam
1490	Vauxhall Astra VXR '12
1493	BMW 850CSi
1500	Mercedes-Benz C 63 AMG Black
1511	Holden Monaro GTS 327
1513	Maserati Ghibli Cup
1514	Mazda RX-3
1517	Toyota Celica GT-Four RC ST185
1519	Aston Martin V8 Vantage V600
1524	Maserati Tipo 61 Birdcage
1525	Mercedes-Benz SLK 55 AMG
1533	Holden Torana A9X
1535	Lexus GS350 F Sport
1537	Toyota Corolla SR5
1539	Porsche 911 GT2 RS '12
1550	Astona Martin DB4 GT Zagato
1551	#18 Aston Martin AMR 1
1553	#66 Chaparral 2E
1559	Mercedes-Benz 300 SLR
1560	#63 Mercedes-Benz Sauber C9
1562	Dodge SRT Viper GTS
1572	AMC Rebel 'The Machine'
1573	#4 Audi 90 Quattro IMSA GTO
1575	Chevrolet Monte Carl SS
1578	Ferrari 250 GT Berlinetta Lusso
1580	Ford Escort RS1600
1583	Lamborghini Aventador J
1587	Mazda Cosmo 110S Series II
1589	MG MGB GT
1591	Peugeot 205 Turbo 16
1592	Toyota Celica GT
1598	BMW M3 GTS
1599	Ferrari 599XX Evo
1607	Audi RS 4 Avant '13
1612	Volkswagen Scirocco 16V
1620	Dodge Challenger SRT8
1651	Ariel Atom 500 V8
1652	Caterham Superlight R500
1653	KTM X-Bow R
1655	Subaru BRZ '13
1658	Mercedes-Benz A 45 AMG
1662	Mini Cooper S
1663	Infiniti IPL G Coupe
1665	Citroen DS 3 Racing
1667	McLaren P1
1668	Ford Mustang Boss 302
1670	#2 McLaren MP4/4
1671	McLaren M2B
1672	#11 McLaren M23
2003	Mini John Cooper Works GP '12
2004	Mazda MX-5 '13
2005	Honda S2000 CR
2006	Chevrolet Corvette ZR1 '95
2009	Audi RS 7 Sportback
2010	Audi R8 Coupe V10 plus
2015	#1 Ferrari 312 T2
2018	BMW M6 Coupe
2019	Ford Focus RS '03
2024	Lotus Type 49
2033	Brabham BT24
2034	Ferrari LaFerrari
2038	Alfa Romeo 4C
2040	BAC Mono
2042	Lamborghini Veneno
2051	Maserati Ghibli S Q4
2066	Bugatti Type 35 C
2068	Maserati 8CTF
2069	Mercedes-Benz W154
2083	Mazda Formula Mazda
2096	Auto Union Type D
2097	Lexus IS 350 F Sport
2103	#6 BMW M1 Procar
2104	Dodge Dart GT
2105	Donkervoort D8 GTO
2112	#25 BMW 3.0 CSL
2125	#2 Ford Zakspeed Racing Capri Turbo
2126	#1 Ferrari 641
2131	HSV GEN-F GTS
2133	BMW I8
2142	Volkswagen Golf R '14
2149	Renault Clio Williams
2158	Ford Fiesta XR2
2160	Opel Kadett GT/E
2162	Jaguar F-Type R Coupe
2164	Lamborghini Huracan LP 610-4
2165	Lotus Evora S
2166	Infiniti Q50 Eau Rouge
2168	Subaru WRX STI '15
2175	Lexus RC F
2177	Chevrolet Corvette Z06 '15
2178	Audi RS 4 Avant '01
2179	Audi S1
2180	Audi RS 6 Avant '15
2181	Aston Martin V12 Vantage S 
2184	Ferrari 458 Speciale
2185	Jaguar XFR-S
2186	Ferrari 500 Mondial
2189	McLaren 650S Coupe
2193	BMW 323ti Sport
2194	Ferrari California T
2203	Holden VL Commodore Group A SV
2205	Honda S800
2207	Lamborghini Jarama S
2209	Mazda 323 GT-R
2226	#3 Chevrolet Corvette C7.R
2229	#93 Dodge SRT Viper GTS-R
2235	Jaguar XKR-S GT
2240	#70 Mazda Lola B12/80
2255	Mazda MX-5 Miata '90
2262	Cadillac ATS-V
2265	Honda RA300
2266	#5 Lotus 77
2267	Mazda MX-5 '16
2268	Ferrari 250 LM
2269	#21 Nissan R382
2270	Nissan Skyline H/T 2000GT-R
2271	#2 Audi R18 e-tron Quattro
2272	Datsun 2000 Roadster
2275	Eagle-Weslake T1G
2289	Porsche 911 Turbo S
2290	Porsche 918 Spyder
2293	Porsche Cayman GTS
2299	Porsche 356A Speedster
2302	#8 Toyota TS040 Hybrid
2312	#10 Lola Simoniz Special T163
2314	#17 Ford Focus ST BTCC
2315	#72 Ferrari 512 BBLM
2333	#15 Mercury Cougar XR-7
2334	#62 Mazda RX-7
2352	Acura NSX
2357	Ford Focus RS '17
2363	Ford GT '17
2368	#23 Nissan GT-R LM Nismo
2371	Ferrari FXX K
2379	#63 Lamborghini Squadra Corse Huracan Super Trofeo
2400	Ford Mustang Shelby GT350R
2401	Ferrari F-158 F1
2403	#17 Bentley Continental GT3
2409	#02 Ford Riley MK XXVI DP
2417	Holden HQ Monaro GTS 350
2421	Cadillac CTS-V Sedan
2423	#6 Lola T70 MkIIIB
2426	Alpine GTA Le Mans
2427	Vauxhall Corsa VXR
2434	#99 Toyota Eagle Mk III
2467	Ferrari 488 GTB
2468	Dodge Charger SRT Hellcat
2470	Aston Martin Vulcan
2471	Mercedes-AMG C 63 S Coupe
2473	Audi R8 V10 Plus
2475	Spania GTA Spano
2479	Lamborghini Aventador Superveloce
2481	McLaren P1 GTR
2482	#20 Nissan Bluebird
2483	#23 Nissan R91CP
2485	#10 Chevrolet Corvette DP
2486	Radical RXC Turbo
2488	#33 Datsun 280ZX Turbo
2493	Aston Martin Vantage GT12
2506	Maserati A6GCS/53
2512	Nissan Skyline GTS-R (HR31)
2514	Ford Falcon GT
2523	Chevrolet Camaro SS
2528	Porsche 911 GT3 RS '16
2532	Porsche 924 Carrera GTS
2534	Porsche 968 Turbo S
2535	Porsche 928 GTS
2537	Porsche 718 RS 60
2538	#91 Porsche 991 RSR
2541	Lotus 3-Eleven
2542	Alfa Romeo Giulia Quadrifoglio
2543	#66 Ford GT Le Mans
2544	Dodge Viper ACR
2549	#3 Porsche 917 LH
2559	Jaguar Mk II 3.8
2569	Ultima Evolution Coupe 1020
2577	Ferrari F12tdf
2580	Ford Falcon GT F 351
2581	Chyrsler VH Valiant Charger R/T
2582	HSV GTSR
2614	Ford Mustang GT 2+2 Fastback
2616	Lamborghini Centenario LP 770-4
2618	Nissan GT-R (R35)
2624	Bugatti Chiron
2628	BMW M4 GTS
2647	Pagani Huayra BC
2654	Mercedes-AMG GT R
2659	Nissan Silvia K's Aero
2665	Bentley Continental Supersports
2739	Chevrolet Camaro ZL1
2740	Abarth 124 Spider
2741	Porsche Panamera Turbo
2755	Porsche 911 GT2 RS '18
2760	#17 Ford Falcon FG X
2774	#2 Porsche 919 Hybrid
2775	#92 Porsche 911 RSR
2776	#76 Chevrolet Corvette
2792	#2 Ford GT40 Mk II Le Mans
2793	#24 Ferrari 330 P4
2794	Porsche 911 Turbo S Leichtbau
2796	#24 Holden VF Commodore
2797	Nissan Altima Racecar
2800	#44 Jaguar XJR-5
2801	#11 Nissan Skyline Turbo
2817	Honda Prelude Type SH
2823	Nissan R380 II
2824	#24 BMW M6 GTLM
2826	#1 Jaguar XJR-9
2840	#33 Nissan 300ZX
2844	Vuhl 05RR
2846	McLaren 720S Coupe
2852	#1 Audi RS 3 LMS
2859	#17 Audi TT RS
2860	#7 Aston Martin V12 Vantage GT3
2866	Exomotive Exocet Sport V8 XP-5
2868	#6 Ford Mustang IMSA GT
2870	Honda Civic Type R '18
2872	Hyundai Veloster N
2874	Nissan Sentra Nismo
2875	#33 Mercedes-Benz A-Class (A45)
2909	Dodge Challenger SRT Demon
2910	Koenigsegg Agera RS
2967	#38 Oreca 07
2968	Aston Martin Valkyrie
2972	#62 Ferrari Risi Competizione 488 GTE 
2973	Alpine A110
2974	Ferrari 812 Superfast
2980	Ford GT40 MkI
2981	Ford Escort RS Turbo
2988	McLaren Senna
2993	TVR Griffith
2995	Volkswagen Golf GTI
2996	Formula Drift #13 Ford Mustang
3000	Formula Drift #777 Nissan 240SX
3003	Formula Drift #43 Dodge Viper SRT10
3018	#83 Nissan GTP ZX-Turbo
3019	Ferrari 166 Inter Sport
3023	#11 Porsche John Fitzpatrick Racing 956
3024	Aston Martin DBS '67
3028	#11 Merkur XR4Ti
3035	KTM X-Bow GT4
3046	Ford Mustang GT
3062	Ferrari 512 S
3064	Mercedes-AMG GT 4-Door Coupe
3071	BMW M5 '18
3072	Porsche 911 GT3 RS '19
3073	#1 BMW M8 GTE
3079	Shelby Monaco King Cobra
3080	#146 Matra-Simca Equipe Matra-Simca MS650 Tour de France
3091	Aston Martin Vantage
3112	#25 Ferrari 488 Challenge
3117	Porsche 718 Cayman GTS
3118	Chevrolet Corvette ZR1 '19
3123	Porsche 911 Carrera S
3125	Aston Martin Vanquish Zagato
3129	Renault Megane R26.R
3134	Renault Megane R.S.
3140	Rimac Concept Two
3141	Apollo Intensa Emozione
3149	Chevrolet Camaro ZL1 1LE
3153	McLaren 600LT Coupe
3154	McLaren 720S Spider
3155	McLaren Senna GTR
3157	#03 McLaren 720S GT3
3158	#15 Ford Whislter Racing Mustang
3161	#22 Volkswagen Golf GTI
3168	Bugatti Divo
3173	BMW Z4 Roadster
3181	Ford Mustang SVO
3182	Renault Clio R.S.16
3185	Aston Martin DBS Superleggera
3191	Lamborghini Espada 400 GT
3196	Raesr Tachyon Speed
3197	Mercedes-AMG GT3
3211	Aston Martin Vulcan AMR Pro
3212	Zenvo TSR-S
3214	#70 Porsche Motorsport 935
3215	Porsche 911 Speedster
3217	Lamborghini Huracan Performante
3218	#73 Porsche 911 GT3 R
3225	Ferrari Portofino
3226	Ferrari J50
3227	Ferrari 488 Pista
3228	Ford Racing Puma
3229	#44 Audi R8 LMS GT3
3231	#66 Vauxhall Astra
3239	#63 Lamborghini Squadra Corse Huracan Super Trofeo Evo 
3240	#36 Acura NSX GT3
3243	#7 Peugeot DG Sport Competition 308
3250	Mercedes-AMG E 63 S
3251	#98 Ford Breathless Pro Racing TA Mustang
3256	#23 Chevrolet Ruman Racing TA Corvette
3257	Nissan Pulsar GTI-R
3264	Audi RS 5 Coupe
3266	#14 BRM P201
3270	#4 McLaren M1B
3272	#1 Subaru Levorg GT
3276	Saleen S1
3277	Ford Mustang Shelby GT500
3281	#3 Cadillac Racing ATS-V.R
3283	#57 Cadillac TA CTS-V 
3285	Brabham BT62
3286	Audi TT RS
3287	Jaguar XJR-15
3289	Lamborghini Avetador SVJ
3292	#9 Dodge Challenger TA
3293	Jaguar XJ220S TWR
3301	#12 Lotus Team Lotus 98T
3307	Nissan 370Z Nismo
3309	#1 Lotus Type 40
3310	#75 Oldsmobile Cutlas Supreme TA
3311	Ferrari FXX K Evo
3312	Ferrari Monza SP2
3315	Koenigsegg Jesko
3316	#6 Buick Performance Somerset Regal Trans-AM
3318	Audi RS 4 Avant '18
3334	Elemental Rp1
3338	#24 Nissan Motorsport International R88C
3359	Audi RS e-tron GT
3360	Automobili Pininfarina Battista
3362	#23 Nissan Silvia Super Silhouette
3363	#23 Nissan Pennzoil NISMO Skyline GTR
3364	Aston Martin Valhalla Concept
3365	#11 Ligier Euro international JS P3
3366	Nio EP9
3367	Ferrari F8 Tributo
3369	Chevrolet Corvette Stingray Coupe
3371	Lamborghini Huracan Evo
3395	Renault 8 Gordini
3402	Toyota GR Supra
3403	#15 Renault Equipe Renault Elf R.S. 01
3412	Subaru STI S209
3413	Volkswagen Golf R '21
3418	Toyota 86 TRD SE
3420	#6 Acura ARX-05 DPi
3427	Ginetta G55 GT4
3429	Ginetta G40 Junior
3434	BMW M2 Competition Coupe
3436	Ford #15 Mustang Boss 302 Trans AM
3437	McLaren GT
3457	#14 Lexus VASSER SULLIVAN RC F GT3
3543	Pagani Huayra R	
3445	Porsche Taycan Turbo S
3449	Lotus Evija
3453	Audi TT RS Coupe
3454	Audi RS 3 Sedan
3460	#6 Ginetta G60-LT-P1
3482	McLaren 765LT Coupe
3490	#3 Chevrolet Corvette C8.R
3492	KTM X-Bow GT2
3497	#23 Nissan R391
3498	Saleen S7 LM
3506	#1 Porsche 911 RSR
3517	Brabham BT8
3518	BMW M8 Competition Coupe
3520	Lexus LC 500
3523	Formula Drift #151 Toyota GR Supra
3532	#98 Hyundai Veloster N
3533	Volkswagen Golf R '22
3534	Mini John Cooper Works GP '21
3537	#20 MG MG6 XPower
3541	Chevron B16
3543	Pagani Huayra
3545	#73 Honda Civic
3546	Lexus RC F Track Edition
3547	Xpeng P7
3552	#100 Lynk & Co 03
3583	Audi RS 6 Avant '21
3584	Audi RS 7 Sportback
3594	Ferrari Roma
3595	Ferrari SF90 Stradale
3599	Gordon Murray T.50
3606	Lamborghini Essenza SCV12
3616	Mercedes-AMG GT Black
3620	Nissan Z
3622	Nissan GT-R Nismo (R35)
3625	Rimac Neverra
3631	Aston Martin Valkyrie AMR Pro
3633	Lamborghini Sian FKP 37
3644	BMW M3 Competition Sedan
3645	BMW M4 Competition Coupe
3650	Mercedes-AMG One
3655	McLaren 620R
3667	Porsche 911 GT3 '21
3668	McLaren Artura
3669	#31 Cadillac Whelen Racing DPi-V.R
3672	Lamborghini Huracan STO
3677	Lynk & Co 03+
3689	MG MG6 XPower
3696	Shelby GT 500
3698	Porsche Mission R
3700	McLaren Sabre
3716	Lotus Emira
3719	Cadillac CT4-V Blackwing
3720	Cadillac CT5-V Blackwing
3724	Ferrari 296 GTB
3735	Subaru BRZ '22
3745	Audi R8 V10 Performance
3759	Lamborghini Huracan EVO Spyder
3760	Porsche 718 Cayman GT4 RS
3762	#97 Aston Martin AMR Vantage GTE
3763	BMW M2 '23
3766	Chevrolet Corvette Z06 '23
3771	Chevrolet Covette E-Ray
3792	#31 Cadillac V-Series.R
3798	Mazda MX-5 Cup
3800	Chevrolet Corvette Stingray Coupe FE
3801	Chevrolet Camaro ZL1 1LE FE
3802	Hyundai Veloster N FE
3803	Mercedes-AMG C 63 S Coupe FE
3804	Subaru STI S209 FE
3807	Porsche 911 GT2 RS FE
3846	Ford Mustang GT '24
3847	Ford Mustang Dark Horse
3866	#1 Cadillac V-Series.R
3867	#2 Cadillac V-Series.R
3868	Ford #88 Mustang RTR
3870	Ford #25 Mustang RTR
3876	#5 Porsche Penske 963
3886	Mitsubishi Lancer Evolution III GSR
3916	Ford #130 Mustang RTR
3972	Chevrolet Camaro Jordan Luka 3
